-- phpMyAdmin SQL Dump
-- version 5.1.1
-- https://www.phpmyadmin.net/
--
-- Host: 127.0.0.1
-- Generation Time: Jun 15, 2024 at 10:43 PM
-- Server version: 10.4.20-MariaDB
-- PHP Version: 7.4.21

SET SQL_MODE = "NO_AUTO_VALUE_ON_ZERO";
START TRANSACTION;
SET time_zone = "+00:00";


/*!40101 SET @OLD_CHARACTER_SET_CLIENT=@@CHARACTER_SET_CLIENT */;
/*!40101 SET @OLD_CHARACTER_SET_RESULTS=@@CHARACTER_SET_RESULTS */;
/*!40101 SET @OLD_COLLATION_CONNECTION=@@COLLATION_CONNECTION */;
/*!40101 SET NAMES utf8mb4 */;

--
-- Database: `pos_database`
--

-- --------------------------------------------------------

--
-- Table structure for table `productos`
--

CREATE TABLE `productos` (
  `id` int(11) NOT NULL,
  `nombre` varchar(100) NOT NULL,
  `precio` decimal(10,2) NOT NULL,
  `activo` tinyint(4) NOT NULL DEFAULT 1
) ENGINE=InnoDB DEFAULT CHARSET=utf8mb4;

--
-- Dumping data for table `productos`
--

INSERT INTO `productos` (`id`, `nombre`, `precio`, `activo`) VALUES
(1, '1 CARTON', '2000.00', 0),
(2, '5 CARTONES +1', '10000.00', 0),
(3, 'CHIFRIJO', '1000.00', 1),
(4, 'GALLO PICADILLO', '1500.00', 1),
(5, 'ARROZ CON LECHE', '500.00', 1),
(6, 'CHALUPA POLLO', '1500.00', 1),
(7, 'NACHO POLLO', '2000.00', 1),
(8, 'PINCHO CARNE', '1000.00', 1),
(9, 'EMPANADA QUESO', '500.00', 1),
(10, 'CAFE', '500.00', 1),
(11, 'AGUADULCE', '500.00', 1),
(12, 'GASEOSA', '500.00', 1),
(13, 'TAZA PICADILLO', '2000.00', 0),
(14, 'TAMAL MAICENA', '500.00', 1),
(15, 'ARROZ CON PICADILLO', '2500.00', 1),
(16, 'PALOMITAS', '500.00', 1),
(17, 'Varios por mesas', '9000.00', 1),
(18, 'GALLO  CARNE', '1500.00', 1),
(19, 'ARROS CON CARNE', '2500.00', 1),
(20, 'TAZA CARNE', '2000.00', 1),
(21, 'TAZA POLLO', '1000.00', 0);

-- --------------------------------------------------------

--
-- Table structure for table `tipos_pago`
--

CREATE TABLE `tipos_pago` (
  `id` int(11) NOT NULL,
  `nombre` varchar(50) NOT NULL
) ENGINE=InnoDB DEFAULT CHARSET=utf8mb4;

--
-- Dumping data for table `tipos_pago`
--

INSERT INTO `tipos_pago` (`id`, `nombre`) VALUES
(1, 'Efectivo'),
(2, 'Sinpe');

-- --------------------------------------------------------

--
-- Table structure for table `ventas`
--

CREATE TABLE `ventas` (
  `id` int(11) NOT NULL,
  `total` decimal(10,2) NOT NULL,
  `id_tipo_pago` int(11) NOT NULL,
  `nombre_cliente` varchar(255) NOT NULL,
  `fecha_venta` timestamp NOT NULL DEFAULT current_timestamp()
) ENGINE=InnoDB DEFAULT CHARSET=utf8mb4;

--
-- Dumping data for table `ventas`
--

INSERT INTO `ventas` (`id`, `total`, `id_tipo_pago`, `nombre_cliente`, `fecha_venta`) VALUES
(1, '2000.00', 1, 'Cliente Anónimo', '2024-05-18 22:20:25'),
(2, '3000.00', 1, 'LUZ LOPEZ', '2024-05-18 22:35:38'),
(3, '2500.00', 1, 'Cliente Anónimo', '2024-05-18 22:35:55'),
(4, '6000.00', 1, 'Cliente Anónimo', '2024-05-18 22:39:55'),
(5, '10000.00', 1, 'LUZ VEGA', '2024-05-18 22:42:28'),
(6, '4000.00', 1, 'MARIA EUGENIA CORDERO', '2024-05-18 22:43:20'),
(7, '2000.00', 1, 'MARIA TERESA DURAZ', '2024-05-18 22:43:51'),
(8, '2000.00', 1, 'TERESITA MONTERO', '2024-05-18 22:44:21'),
(9, '4000.00', 1, 'MARCOS CHAVES', '2024-05-18 22:44:56'),
(10, '4000.00', 1, 'MARIELA CARRANZA', '2024-05-18 22:45:46'),
(11, '2000.00', 1, 'FLORY ALVARADO', '2024-05-18 22:46:20'),
(12, '2000.00', 1, 'WILLIAM CARRANZA', '2024-05-18 22:46:49'),
(13, '2000.00', 1, 'FERMIN GARCIA', '2024-05-18 22:47:23'),
(14, '4000.00', 1, 'ISIDRO CARRANZA', '2024-05-18 22:47:59'),
(15, '2000.00', 1, 'MIGUEL FERRETO', '2024-05-18 22:48:37'),
(16, '12000.00', 1, 'JOSE BRAVO', '2024-05-18 22:49:25'),
(17, '4000.00', 1, 'VILMA PEREZ', '2024-05-18 22:50:01'),
(18, '10000.00', 1, 'SIRLENE RODRIGUEZ', '2024-05-18 22:50:48'),
(19, '4000.00', 1, 'ANA GRACE SEQUEIRA', '2024-05-18 22:51:30'),
(20, '4000.00', 1, 'MILEYDI CORDERO', '2024-05-18 22:52:18'),
(21, '2000.00', 1, 'TERESITA MONTERO', '2024-05-18 22:52:53'),
(22, '10000.00', 1, 'MAGALY MORA', '2024-05-18 22:56:34'),
(23, '12000.00', 1, 'GERALDIN GARCIA', '2024-05-18 22:58:10'),
(24, '1000.00', 1, 'RONNIER SALAS', '2024-05-18 23:01:05'),
(25, '2000.00', 1, 'MAILYNN SALAS', '2024-05-18 23:01:56'),
(26, '1000.00', 1, 'NORY ALVAREZ', '2024-05-18 23:05:08'),
(27, '2000.00', 1, 'EDEL CASCANTE', '2024-05-18 23:05:33'),
(28, '2000.00', 1, 'FERMIN GARCIA', '2024-05-18 23:06:39'),
(29, '6000.00', 1, 'MARVIN VINDAS', '2024-05-18 23:07:16'),
(30, '500.00', 1, 'EDEL CASCANTE', '2024-05-18 23:07:43'),
(31, '6000.00', 1, 'HERNAN RODIGUEZ', '2024-05-18 23:09:56'),
(32, '10000.00', 1, 'ALVARAO ELIZONDO', '2024-05-18 23:11:16'),
(33, '4000.00', 1, 'ROYDIN ALVARADO', '2024-05-18 23:11:50'),
(34, '4000.00', 1, 'WADY ROMAN', '2024-05-18 23:12:31'),
(35, '6000.00', 1, 'RONNIER SALAS', '2024-05-18 23:13:01'),
(36, '500.00', 1, 'JOSE BRAVO', '2024-05-18 23:14:10'),
(37, '1000.00', 1, 'JOSE BRAVO', '2024-05-18 23:14:42'),
(38, '2000.00', 1, 'RONNIER SALAS', '2024-05-18 23:16:06'),
(39, '4000.00', 2, 'FERNANDO MATA', '2024-05-18 23:16:41'),
(40, '2000.00', 1, 'FERNANDO CASTILLO', '2024-05-18 23:17:07'),
(41, '2500.00', 1, 'DEYANIRA LEITON', '2024-05-18 23:18:30'),
(42, '4000.00', 1, 'CRISTOBAL PEREZ', '2024-05-18 23:19:00'),
(43, '10000.00', 1, 'CARMEN NARVAES', '2024-05-18 23:19:44'),
(44, '6000.00', 1, 'CARMEN NARVAEZ', '2024-05-18 23:20:30'),
(45, '2000.00', 1, 'CARMEN CHAVEZ', '2024-05-18 23:21:13'),
(46, '4000.00', 1, 'OLMAN RODRIGEZ', '2024-05-18 23:21:56'),
(47, '2000.00', 1, 'ALEJANDRA RODRIGEZ', '2024-05-18 23:22:36'),
(48, '2000.00', 1, 'ORLANDO MONGE', '2024-05-18 23:23:04'),
(49, '4000.00', 1, 'STEPHANIE SUREZ', '2024-05-18 23:23:44'),
(50, '500.00', 1, 'RONIER SALAS', '2024-05-18 23:24:09'),
(51, '500.00', 1, 'RONIER SALAS', '2024-05-18 23:24:10'),
(52, '2000.00', 1, 'ALONDRA FERNANDEZ', '2024-05-18 23:24:46'),
(53, '2000.00', 1, 'WADY ROMAN', '2024-05-18 23:25:28'),
(54, '500.00', 1, 'Cliente Anónimo', '2024-05-18 23:25:48'),
(55, '500.00', 1, 'ILENA MONTERO', '2024-05-18 23:27:25'),
(56, '2000.00', 1, 'ILNEAN MONTERO', '2024-05-18 23:27:49'),
(57, '2500.00', 1, 'ALVARO ELIZONDO', '2024-05-18 23:28:36'),
(58, '4000.00', 1, 'HERNAN RODIGUEZ', '2024-05-18 23:29:04'),
(59, '4000.00', 1, 'MILEYDI ALVARADO', '2024-05-18 23:29:39'),
(60, '1000.00', 1, 'MILEYDI ALVARADO', '2024-05-18 23:30:22'),
(61, '4000.00', 1, 'MILEYDI CORDERO', '2024-05-18 23:30:51'),
(62, '2000.00', 1, 'MARCIONY RODIGUEZ', '2024-05-18 23:31:32'),
(63, '8000.00', 1, 'MAYINI ROSTRAN', '2024-05-18 23:32:51'),
(64, '4000.00', 1, 'NOYLIN HERRERA', '2024-05-18 23:33:50'),
(65, '2000.00', 1, 'MARLEN VILLALOBOS', '2024-05-18 23:34:23'),
(66, '4000.00', 1, 'HEILYN VILLALOBOS', '2024-05-18 23:34:54'),
(67, '2000.00', 1, 'Cliente Anónimo', '2024-05-18 23:35:19'),
(68, '5000.00', 1, 'OLMAN RODRIGUEZ', '2024-05-18 23:36:04'),
(69, '1500.00', 1, 'MARIA EUGENIA ', '2024-05-18 23:36:46'),
(70, '1500.00', 1, 'MARIA EUGENIA ', '2024-05-18 23:36:47'),
(71, '4000.00', 1, 'ELSA PEREZ', '2024-05-18 23:37:13'),
(72, '3000.00', 1, 'DENNIS LOAICIGA', '2024-05-18 23:38:00'),
(73, '4000.00', 1, 'NOEMI VARGAS', '2024-05-18 23:38:36'),
(74, '6000.00', 1, 'ELMER ALVARADO', '2024-05-18 23:39:25'),
(75, '2000.00', 1, 'ANA VINDAS', '2024-05-18 23:40:07'),
(76, '4000.00', 1, 'ELIZA RODRIGEZ', '2024-05-18 23:40:43'),
(77, '10000.00', 1, 'MARGARITA ARIAS', '2024-05-18 23:41:48'),
(78, '4000.00', 1, 'LIZBETH SEGURA', '2024-05-18 23:42:36'),
(79, '4000.00', 1, 'LUIS HUERTAS', '2024-05-18 23:43:09'),
(80, '4000.00', 1, 'RAQUEL LOPEZ', '2024-05-18 23:44:02'),
(81, '2000.00', 1, 'FAUSTINO RODRIGUEZ', '2024-05-18 23:44:34'),
(82, '4000.00', 1, 'HUBERTH RAMIREZ', '2024-05-18 23:45:14'),
(83, '6000.00', 1, 'JAIRO HUERTAS', '2024-05-18 23:45:54'),
(84, '2000.00', 1, 'STHEPHANIER SUAREZ', '2024-05-18 23:46:39'),
(85, '8000.00', 1, 'ADRIANA ARIAS', '2024-05-18 23:47:12'),
(86, '4000.00', 1, 'MARITZA ', '2024-05-18 23:47:53'),
(87, '2000.00', 1, 'MARBEY', '2024-05-18 23:48:25'),
(88, '3500.00', 1, 'CARMEN NARVAEZ', '2024-05-18 23:49:12'),
(89, '2500.00', 1, 'NOILYN HERRERA', '2024-05-18 23:49:51'),
(90, '2500.00', 1, 'MARLEN VILLALOBOS', '2024-05-18 23:50:26'),
(91, '1000.00', 1, 'GERALDIN GARCIA', '2024-05-18 23:50:58'),
(92, '4000.00', 1, 'ESTEBAN JARA', '2024-05-18 23:51:25'),
(93, '2000.00', 1, 'ESTEBAN JARA', '2024-05-18 23:51:47'),
(94, '8000.00', 1, 'LUBIS AGUIRRE', '2024-05-18 23:52:21'),
(95, '2000.00', 1, 'ARTURO PEREZ', '2024-05-18 23:52:56'),
(96, '4000.00', 1, 'MILEYDI ALVARADO', '2024-05-18 23:53:25'),
(97, '2000.00', 1, 'WILLIAM PEREZ', '2024-05-18 23:54:24'),
(98, '2000.00', 1, 'HUBERTH RAMIREZ', '2024-05-18 23:55:06'),
(99, '1500.00', 2, 'Cliente Anónimo', '2024-05-18 23:55:42'),
(100, '2000.00', 2, 'ALEJANDRO VARGAS', '2024-05-18 23:55:59'),
(101, '2000.00', 2, 'RACHEL ROMAN', '2024-05-18 23:56:35'),
(102, '1500.00', 1, 'JAIRO HUERTAS', '2024-05-18 23:57:47'),
(103, '2000.00', 1, 'MATHEW', '2024-05-18 23:58:22'),
(104, '8000.00', 1, 'ESTEBAN JARA', '2024-05-18 23:59:35'),
(105, '4000.00', 1, 'ROGER ARIAS', '2024-05-19 00:00:02'),
(106, '2000.00', 1, 'MAYLIN SALSAS', '2024-05-19 00:00:41'),
(107, '4000.00', 1, 'MERCEDES OBANDO', '2024-05-19 00:01:39'),
(108, '4000.00', 1, 'YENDRY VILLALOBOS', '2024-05-19 00:02:21'),
(109, '500.00', 1, 'ROYDIN ALVARADO', '2024-05-19 00:02:49'),
(110, '4000.00', 1, 'CINDY HUERTAS', '2024-05-19 00:03:33'),
(111, '6000.00', 1, 'ANGELICA JARA', '2024-05-19 00:04:13'),
(112, '4500.00', 1, 'Cliente Anónimo', '2024-05-19 00:06:11'),
(113, '3000.00', 1, 'Cliente Anónimo', '2024-05-19 00:07:32'),
(114, '3500.00', 2, 'ALEJANDRO VARGAS', '2024-05-19 00:11:06'),
(115, '4000.00', 1, 'ALONSO', '2024-05-19 00:11:42'),
(116, '500.00', 1, 'LUISITO', '2024-05-19 00:13:54'),
(117, '2000.00', 1, 'VALERIA', '2024-05-19 00:14:19'),
(118, '500.00', 1, 'LUIS JARA', '2024-05-19 00:14:50'),
(119, '1500.00', 1, 'DEIVIS', '2024-05-19 00:15:32'),
(120, '6000.00', 1, 'Cliente Anónimo', '2024-05-19 00:17:32'),
(121, '2000.00', 1, 'Cliente Anónimo', '2024-05-19 00:18:06'),
(122, '1000.00', 1, 'MARYERI', '2024-05-19 00:19:46'),
(123, '2000.00', 1, 'MARYERI', '2024-05-19 00:20:44'),
(124, '1000.00', 1, 'LUIS JARA', '2024-05-19 00:22:28'),
(125, '500.00', 1, 'MARYERI', '2024-05-19 00:23:12'),
(126, '2500.00', 1, 'Cliente Anónimo', '2024-05-19 00:23:36'),
(127, '2000.00', 1, 'JOSTIN', '2024-05-19 00:24:29'),
(128, '4000.00', 1, 'HAZEL VARGAS', '2024-05-19 00:25:27'),
(129, '4000.00', 1, 'ANIA', '2024-05-19 00:25:57'),
(130, '2000.00', 1, 'ANIA', '2024-05-19 00:26:41'),
(131, '500.00', 1, 'Cliente Anónimo', '2024-05-19 00:27:22'),
(132, '7500.00', 1, 'DENNIS', '2024-05-19 00:28:03'),
(133, '9500.00', 1, 'Cliente Anónimo', '2024-05-19 00:29:51'),
(134, '3000.00', 1, 'Cliente Anónimo', '2024-05-19 00:30:11'),
(135, '500.00', 1, 'Cliente Anónimo', '2024-05-19 00:30:37'),
(136, '4000.00', 1, 'harold', '2024-05-19 00:31:01'),
(137, '1500.00', 1, 'HAROLD', '2024-05-19 00:31:47'),
(138, '1000.00', 1, 'LENIN', '2024-05-19 00:32:27'),
(139, '2000.00', 1, 'Cliente Anónimo', '2024-05-19 00:32:46'),
(140, '500.00', 1, 'Cliente Anónimo', '2024-05-19 00:33:03'),
(141, '1000.00', 1, 'ELIZA RODRIGUEZ', '2024-05-19 00:33:32'),
(142, '2500.00', 1, 'MARBE MONGE', '2024-05-19 00:34:27'),
(143, '500.00', 1, 'Cliente Anónimo', '2024-05-19 00:34:51'),
(144, '1000.00', 1, 'Cliente Anónimo', '2024-05-19 00:36:09'),
(145, '1500.00', 1, 'Cliente Anónimo', '2024-05-19 00:37:48'),
(146, '5000.00', 1, 'NORI', '2024-05-19 00:38:28'),
(147, '500.00', 1, 'HAROLD', '2024-05-19 00:38:52'),
(148, '2000.00', 1, 'NORI', '2024-05-19 00:40:05'),
(149, '3000.00', 1, 'FREDDY', '2024-05-19 00:40:38'),
(150, '2500.00', 1, 'HAROLD', '2024-05-19 00:40:53'),
(151, '11000.00', 1, 'SIRLENY RODRIGUE', '2024-05-19 00:41:37'),
(152, '6000.00', 1, 'Cliente Anónimo', '2024-05-19 00:42:18'),
(153, '2500.00', 1, 'ADIEL', '2024-05-19 00:42:45'),
(154, '5500.00', 1, 'GUISSELLE CORDERO', '2024-05-19 00:44:35'),
(155, '2500.00', 1, 'ELGIN', '2024-05-19 00:45:17'),
(156, '1000.00', 1, 'MARYERI', '2024-05-19 00:45:46'),
(157, '1500.00', 1, 'MILEIDY', '2024-05-19 00:46:59'),
(158, '2000.00', 1, 'HAROLD', '2024-05-19 00:48:17'),
(159, '2000.00', 1, 'ADIEL', '2024-05-19 00:48:42'),
(160, '2000.00', 1, 'GUISSELLE SANCHEZ', '2024-05-19 00:49:42'),
(161, '2000.00', 1, 'LENIN', '2024-05-19 00:50:14'),
(162, '1000.00', 1, 'EVELYN', '2024-05-19 00:50:54'),
(163, '2000.00', 1, 'LUISITO', '2024-05-19 00:51:18'),
(164, '1000.00', 1, 'KENNETH', '2024-05-19 00:51:57'),
(165, '2000.00', 1, 'HAROLD', '2024-05-19 00:52:23'),
(166, '500.00', 1, 'ROYDIUN ALVARADO', '2024-05-19 00:52:44'),
(167, '6000.00', 1, 'Cliente Anónimo', '2024-05-19 00:53:34'),
(168, '2500.00', 1, 'Cliente Anónimo', '2024-05-19 00:53:48'),
(169, '2000.00', 1, 'MARIO CASTILLO', '2024-05-19 00:55:49'),
(170, '8000.00', 1, 'Cliente Anónimo', '2024-05-19 00:56:38'),
(171, '2000.00', 1, 'Cliente Anónimo', '2024-05-19 00:57:15'),
(172, '1500.00', 1, 'Cliente Anónimo', '2024-05-19 00:57:31'),
(173, '12500.00', 2, 'YENDRY RODRIGUEZ', '2024-05-19 00:58:55'),
(174, '500.00', 1, 'LUIS JARA', '2024-05-19 00:59:29'),
(175, '500.00', 1, 'Cliente Anónimo', '2024-05-19 01:01:50'),
(176, '3500.00', 1, 'ROYDIN ALVARADO', '2024-05-19 01:03:25'),
(177, '2000.00', 1, 'VALERIA', '2024-05-19 01:04:00'),
(178, '3500.00', 1, 'Cliente Anónimo', '2024-05-19 01:04:33'),
(179, '500.00', 1, 'ROYDIN ALARADO', '2024-05-19 01:05:07'),
(180, '2500.00', 1, 'Cliente Anónimo', '2024-05-19 01:05:25'),
(181, '1500.00', 1, 'JAIRO', '2024-05-19 01:05:55'),
(182, '500.00', 1, 'LUISITO', '2024-05-19 01:06:51'),
(183, '2500.00', 1, 'YENDRY VILLALOBOS', '2024-05-19 01:08:30'),
(184, '500.00', 1, 'Cliente Anónimo', '2024-05-19 01:08:52'),
(185, '4500.00', 1, 'NORBERTO', '2024-05-19 01:10:32'),
(186, '6500.00', 1, 'Cliente Anónimo', '2024-05-19 01:11:15'),
(187, '4000.00', 1, 'Cliente Anónimo', '2024-05-19 01:11:54'),
(188, '2500.00', 1, 'Cliente Anónimo', '2024-05-19 01:12:16'),
(189, '500.00', 1, 'Cliente Anónimo', '2024-05-19 01:12:29'),
(190, '2500.00', 1, 'MARCIONY', '2024-05-19 01:12:58'),
(191, '4500.00', 2, 'Cliente Anónimo', '2024-05-19 01:13:25'),
(192, '2500.00', 2, 'YIRLANY', '2024-05-19 01:13:56'),
(193, '1000.00', 1, 'JUSTIN MONGE', '2024-05-19 01:14:22'),
(194, '1500.00', 1, 'MARYERI', '2024-05-19 01:14:46'),
(195, '5500.00', 1, 'GERALDINE', '2024-05-19 01:15:23'),
(196, '2000.00', 1, 'Cliente Anónimo', '2024-05-19 01:15:58'),
(197, '6500.00', 1, 'Cliente Anónimo', '2024-05-19 01:17:01'),
(198, '500.00', 1, 'Cliente Anónimo', '2024-05-19 01:17:15'),
(199, '4000.00', 1, 'CHANO', '2024-05-19 01:18:27'),
(200, '9000.00', 1, 'MILEIDY', '2024-05-19 01:18:53'),
(201, '5000.00', 1, 'Cliente Anónimo', '2024-05-19 01:19:22'),
(202, '1000.00', 1, 'Cliente Anónimo', '2024-05-19 01:19:38'),
(203, '2000.00', 2, 'Cliente Anónimo', '2024-05-19 01:20:04'),
(204, '2500.00', 1, 'Cliente Anónimo', '2024-05-19 01:20:25'),
(205, '1000.00', 1, 'Cliente Anónimo', '2024-05-19 01:20:51'),
(206, '1500.00', 1, 'Cliente Anónimo', '2024-05-19 01:21:13'),
(207, '2500.00', 1, 'YENDRY RODRIGUEZ', '2024-05-19 01:21:44'),
(208, '5500.00', 1, 'Cliente Anónimo', '2024-05-19 01:22:13'),
(209, '2500.00', 1, 'LUISITO', '2024-05-19 01:22:41'),
(210, '2500.00', 1, 'Cliente Anónimo', '2024-05-19 01:22:58'),
(211, '2000.00', 1, 'Cliente Anónimo', '2024-05-19 01:23:34'),
(212, '500.00', 1, 'Cliente Anónimo', '2024-05-19 01:23:52'),
(213, '2500.00', 1, 'Cliente Anónimo', '2024-05-19 01:24:15'),
(214, '1500.00', 1, 'Cliente Anónimo', '2024-05-19 01:24:55'),
(215, '3000.00', 1, 'ALMA GUIDO', '2024-05-19 01:26:04'),
(216, '1500.00', 1, 'JOUSTIN MONGE', '2024-05-19 01:27:20'),
(217, '500.00', 1, 'MATEO HUERTAS', '2024-05-19 01:27:50'),
(218, '500.00', 1, 'ALVARO ELIXONDO', '2024-05-19 01:28:18'),
(219, '2500.00', 2, 'MARILYN ALVARADO', '2024-05-19 01:28:51'),
(220, '2000.00', 1, 'DANNA ELIZONDO', '2024-05-19 01:29:20'),
(221, '4000.00', 1, 'MERCEDES OBANDO', '2024-05-19 01:31:04'),
(222, '2000.00', 2, 'JUAN PABLO BARQUERO', '2024-05-19 01:31:37'),
(223, '500.00', 1, 'DARIEL', '2024-05-19 01:33:04'),
(224, '1000.00', 1, 'MAICOL ALVARADO', '2024-05-19 01:34:17'),
(225, '2000.00', 1, 'Cliente Anónimo', '2024-05-19 01:39:03'),
(226, '2500.00', 1, 'MARIELA JARA', '2024-05-19 01:40:53'),
(227, '1000.00', 1, 'Cliente Anónimo', '2024-05-19 01:42:32'),
(228, '2000.00', 1, 'JAIRO HUERTAS', '2024-05-19 01:43:11'),
(229, '1000.00', 1, 'CRIS', '2024-05-19 01:43:58'),
(230, '2000.00', 1, 'CARMEN NARVAEZ', '2024-05-19 01:45:19'),
(231, '2000.00', 1, 'GISSELLE SANCHEZ', '2024-05-19 01:46:40'),
(232, '8000.00', 1, 'GREIVIN VASQUEZ', '2024-05-19 01:48:18'),
(233, '2000.00', 1, 'FUSTINO RODRIGUEZ', '2024-05-19 01:49:27'),
(234, '500.00', 1, 'Cliente Anónimo', '2024-05-19 01:49:55'),
(235, '2000.00', 1, 'STEVEN MARIN', '2024-05-19 01:51:20'),
(236, '1000.00', 1, 'Cliente Anónimo', '2024-05-19 01:52:18'),
(237, '500.00', 1, 'Cliente Anónimo', '2024-05-19 01:54:46'),
(238, '3000.00', 1, 'BRYAN ALVARADO', '2024-05-19 01:55:14'),
(239, '500.00', 1, 'Cliente Anónimo', '2024-05-19 01:56:25'),
(240, '2500.00', 1, 'MAIKOL', '2024-05-19 01:58:28'),
(241, '3000.00', 1, 'STEPHANIE SUAREZ', '2024-05-19 02:01:17'),
(242, '1000.00', 1, 'Cliente Anónimo', '2024-05-19 02:02:55'),
(243, '1000.00', 1, 'JAIRO HUERTAS', '2024-05-19 02:03:16'),
(244, '500.00', 1, 'Cliente Anónimo', '2024-05-19 02:04:00'),
(245, '2000.00', 2, 'Cliente Anónimo', '2024-05-19 02:04:19'),
(246, '2500.00', 1, 'MAIKOL', '2024-05-19 02:15:07'),
(247, '500.00', 1, 'Cliente Anónimo', '2024-05-19 02:15:35'),
(248, '2000.00', 1, 'Cliente Anónimo', '2024-05-19 02:16:05'),
(249, '4000.00', 1, 'MERCEDES', '2024-05-19 02:16:47'),
(250, '2000.00', 1, 'Cliente Anónimo', '2024-05-19 02:17:14'),
(251, '6000.00', 1, 'Cliente Anónimo', '2024-05-19 02:17:36'),
(252, '500.00', 1, 'Cliente Anónimo', '2024-05-19 02:17:57'),
(253, '4000.00', 1, 'Cliente Anónimo', '2024-05-19 02:19:39'),
(254, '1500.00', 1, 'Cliente Anónimo', '2024-05-19 02:20:11'),
(255, '2000.00', 2, 'JUAN PABLO BARQUERO', '2024-05-19 02:21:04'),
(256, '4000.00', 1, 'Cliente Anónimo', '2024-05-19 02:23:12'),
(257, '2000.00', 1, 'Cliente Anónimo', '2024-05-19 02:23:21'),
(258, '2500.00', 1, 'Cliente Anónimo', '2024-05-19 02:23:41'),
(259, '1500.00', 2, 'JULIANA PAMELA', '2024-05-19 02:25:27'),
(260, '3000.00', 1, 'Cliente Anónimo', '2024-05-19 02:26:21'),
(261, '1000.00', 1, 'Cliente Anónimo', '2024-05-19 02:28:43'),
(262, '1000.00', 2, 'MARILYN', '2024-05-19 02:29:30'),
(263, '500.00', 1, 'Cliente Anónimo', '2024-05-19 02:30:06'),
(264, '9000.00', 1, 'Cliente Anónimo', '2024-05-19 02:36:04'),
(265, '500.00', 1, 'Cliente Anónimo', '2024-05-19 02:37:00'),
(266, '2000.00', 1, 'Cliente Anónimo', '2024-05-19 02:38:47'),
(267, '2000.00', 1, 'JUAN CARLOS JARA', '2024-05-19 02:40:07'),
(268, '2000.00', 1, 'STEVEN MARIN', '2024-05-19 02:40:37'),
(269, '2000.00', 1, 'STEVEN MARIN', '2024-05-19 02:40:38'),
(270, '2000.00', 1, 'ILEANA MONTERO', '2024-05-19 02:41:05'),
(271, '1000.00', 1, 'Cliente Anónimo', '2024-05-19 02:43:03'),
(272, '2000.00', 1, 'Cliente Anónimo', '2024-05-19 02:46:34'),
(273, '1000.00', 1, 'FERNANDO CASTILLOO', '2024-05-19 02:47:28'),
(274, '1000.00', 1, 'Cliente Anónimo', '2024-05-19 02:47:51'),
(275, '1000.00', 1, 'Cliente Anónimo', '2024-05-19 02:48:14'),
(276, '1000.00', 1, 'Cliente Anónimo', '2024-05-19 02:48:49'),
(277, '2000.00', 1, 'Cliente Anónimo', '2024-05-19 02:49:22'),
(278, '1000.00', 1, 'HUBERTH RAMIREZ', '2024-05-19 02:49:51'),
(279, '1000.00', 1, 'NELLY', '2024-05-19 02:50:27'),
(280, '500.00', 1, 'Cliente Anónimo', '2024-05-19 02:51:30'),
(281, '2500.00', 1, 'Cliente Anónimo', '2024-05-19 02:52:00'),
(282, '2000.00', 1, 'ANA', '2024-05-19 02:52:23'),
(283, '4000.00', 1, 'Cliente Anónimo', '2024-05-19 02:58:10'),
(284, '1500.00', 1, 'Cliente Anónimo', '2024-05-19 03:00:37'),
(285, '1000.00', 1, 'Cliente Anónimo', '2024-05-19 03:01:06'),
(286, '4000.00', 1, 'SANDRA RODRIGUEZ', '2024-05-19 03:15:21'),
(287, '12500.00', 1, 'Cliente Anónimo', '2024-05-26 15:31:22');

-- --------------------------------------------------------

--
-- Table structure for table `venta_producto`
--

CREATE TABLE `venta_producto` (
  `id` int(11) NOT NULL,
  `id_venta` int(11) NOT NULL,
  `id_producto` int(11) NOT NULL,
  `cantidad` int(11) NOT NULL,
  `precio` decimal(10,2) NOT NULL
) ENGINE=InnoDB DEFAULT CHARSET=utf8mb4;

--
-- Dumping data for table `venta_producto`
--

INSERT INTO `venta_producto` (`id`, `id_venta`, `id_producto`, `cantidad`, `precio`) VALUES
(1, 1, 1, 1, '2000.00'),
(2, 2, 4, 2, '1500.00'),
(3, 3, 13, 1, '2500.00'),
(4, 4, 1, 3, '2000.00'),
(5, 5, 2, 1, '10000.00'),
(6, 6, 1, 2, '2000.00'),
(7, 7, 1, 1, '2000.00'),
(8, 8, 1, 1, '2000.00'),
(9, 9, 1, 2, '2000.00'),
(10, 10, 1, 2, '2000.00'),
(11, 11, 1, 1, '2000.00'),
(12, 12, 1, 1, '2000.00'),
(13, 13, 1, 1, '2000.00'),
(14, 14, 1, 2, '2000.00'),
(15, 15, 1, 1, '2000.00'),
(16, 16, 2, 1, '10000.00'),
(17, 16, 1, 1, '2000.00'),
(18, 17, 1, 2, '2000.00'),
(19, 18, 2, 1, '10000.00'),
(20, 19, 1, 2, '2000.00'),
(21, 20, 1, 2, '2000.00'),
(22, 21, 10, 1, '500.00'),
(23, 21, 4, 1, '1500.00'),
(24, 22, 2, 1, '10000.00'),
(25, 23, 2, 1, '10000.00'),
(26, 23, 1, 1, '2000.00'),
(27, 24, 5, 1, '500.00'),
(28, 24, 14, 1, '500.00'),
(29, 25, 1, 1, '2000.00'),
(30, 26, 5, 2, '500.00'),
(31, 27, 1, 1, '2000.00'),
(32, 28, 5, 2, '500.00'),
(33, 28, 12, 1, '500.00'),
(34, 28, 10, 1, '500.00'),
(35, 29, 1, 3, '2000.00'),
(36, 30, 5, 1, '500.00'),
(37, 31, 15, 2, '2500.00'),
(38, 31, 11, 1, '500.00'),
(39, 31, 12, 1, '500.00'),
(40, 32, 2, 1, '10000.00'),
(41, 33, 1, 2, '2000.00'),
(42, 34, 1, 2, '2000.00'),
(43, 35, 1, 3, '2000.00'),
(44, 36, 5, 1, '500.00'),
(45, 37, 5, 2, '500.00'),
(46, 38, 3, 1, '2000.00'),
(47, 39, 1, 2, '2000.00'),
(48, 40, 1, 1, '2000.00'),
(49, 41, 6, 1, '1500.00'),
(50, 41, 9, 1, '1000.00'),
(51, 42, 1, 2, '2000.00'),
(52, 43, 2, 1, '10000.00'),
(53, 44, 1, 3, '2000.00'),
(54, 45, 1, 1, '2000.00'),
(55, 46, 1, 2, '2000.00'),
(56, 47, 1, 1, '2000.00'),
(57, 48, 1, 1, '2000.00'),
(58, 49, 1, 2, '2000.00'),
(59, 50, 12, 1, '500.00'),
(60, 51, 12, 1, '500.00'),
(61, 52, 1, 1, '2000.00'),
(62, 53, 1, 1, '2000.00'),
(63, 54, 5, 1, '500.00'),
(64, 55, 5, 1, '500.00'),
(65, 56, 1, 1, '2000.00'),
(66, 57, 3, 1, '2000.00'),
(67, 57, 12, 1, '500.00'),
(68, 58, 1, 2, '2000.00'),
(69, 59, 1, 2, '2000.00'),
(70, 60, 12, 2, '500.00'),
(71, 61, 1, 2, '2000.00'),
(72, 62, 1, 1, '2000.00'),
(73, 63, 1, 4, '2000.00'),
(74, 64, 1, 2, '2000.00'),
(75, 65, 1, 1, '2000.00'),
(76, 66, 1, 2, '2000.00'),
(77, 67, 1, 1, '2000.00'),
(78, 68, 7, 1, '2000.00'),
(79, 68, 3, 1, '2000.00'),
(80, 68, 12, 2, '500.00'),
(81, 69, 4, 1, '1500.00'),
(82, 70, 4, 1, '1500.00'),
(83, 71, 1, 2, '2000.00'),
(84, 72, 4, 2, '1500.00'),
(85, 73, 1, 2, '2000.00'),
(86, 74, 1, 3, '2000.00'),
(87, 75, 6, 1, '1500.00'),
(88, 75, 12, 1, '500.00'),
(89, 76, 1, 2, '2000.00'),
(90, 77, 2, 1, '10000.00'),
(91, 78, 1, 2, '2000.00'),
(92, 79, 1, 2, '2000.00'),
(93, 80, 1, 2, '2000.00'),
(94, 81, 1, 1, '2000.00'),
(95, 82, 1, 2, '2000.00'),
(96, 83, 1, 3, '2000.00'),
(97, 84, 7, 1, '2000.00'),
(98, 85, 1, 4, '2000.00'),
(99, 86, 1, 2, '2000.00'),
(100, 87, 1, 1, '2000.00'),
(101, 88, 7, 1, '2000.00'),
(102, 88, 4, 1, '1500.00'),
(103, 89, 7, 1, '2000.00'),
(104, 89, 12, 1, '500.00'),
(105, 90, 7, 1, '2000.00'),
(106, 90, 12, 1, '500.00'),
(107, 91, 8, 1, '1000.00'),
(108, 92, 1, 2, '2000.00'),
(109, 93, 1, 1, '2000.00'),
(110, 94, 1, 4, '2000.00'),
(111, 95, 1, 1, '2000.00'),
(112, 96, 1, 2, '2000.00'),
(113, 97, 1, 1, '2000.00'),
(114, 98, 6, 1, '1500.00'),
(115, 98, 11, 1, '500.00'),
(116, 99, 10, 1, '500.00'),
(117, 99, 9, 1, '1000.00'),
(118, 100, 1, 1, '2000.00'),
(119, 101, 8, 2, '1000.00'),
(120, 102, 14, 1, '500.00'),
(121, 102, 16, 2, '500.00'),
(122, 103, 5, 4, '500.00'),
(123, 104, 3, 2, '2000.00'),
(124, 104, 4, 1, '1500.00'),
(125, 104, 8, 1, '1000.00'),
(126, 104, 12, 3, '500.00'),
(127, 105, 1, 2, '2000.00'),
(128, 106, 7, 1, '2000.00'),
(129, 107, 1, 2, '2000.00'),
(130, 108, 1, 2, '2000.00'),
(131, 109, 16, 1, '500.00'),
(132, 110, 1, 2, '2000.00'),
(133, 111, 1, 3, '2000.00'),
(134, 112, 13, 1, '2500.00'),
(135, 112, 5, 1, '500.00'),
(136, 112, 8, 1, '1000.00'),
(137, 112, 12, 1, '500.00'),
(138, 113, 8, 3, '1000.00'),
(139, 114, 6, 1, '1500.00'),
(140, 114, 10, 1, '500.00'),
(141, 114, 14, 1, '500.00'),
(142, 114, 12, 1, '500.00'),
(143, 114, 16, 1, '500.00'),
(144, 115, 3, 2, '2000.00'),
(145, 116, 12, 1, '500.00'),
(146, 117, 7, 1, '2000.00'),
(147, 118, 14, 1, '500.00'),
(148, 119, 9, 1, '1000.00'),
(149, 119, 10, 1, '500.00'),
(150, 120, 14, 2, '500.00'),
(151, 120, 5, 1, '500.00'),
(152, 120, 9, 1, '1000.00'),
(153, 120, 3, 1, '2000.00'),
(154, 120, 12, 2, '500.00'),
(155, 120, 11, 1, '500.00'),
(156, 121, 10, 2, '500.00'),
(157, 121, 14, 2, '500.00'),
(158, 122, 16, 2, '500.00'),
(159, 123, 12, 2, '500.00'),
(160, 123, 10, 1, '500.00'),
(161, 123, 14, 1, '500.00'),
(162, 124, 10, 1, '500.00'),
(163, 124, 14, 1, '500.00'),
(164, 125, 12, 1, '500.00'),
(165, 126, 7, 1, '2000.00'),
(166, 126, 5, 1, '500.00'),
(167, 127, 1, 1, '2000.00'),
(168, 128, 1, 2, '2000.00'),
(169, 129, 1, 2, '2000.00'),
(170, 130, 8, 2, '1000.00'),
(171, 131, 5, 1, '500.00'),
(172, 132, 3, 3, '2000.00'),
(173, 132, 12, 2, '500.00'),
(174, 132, 5, 1, '500.00'),
(175, 133, 17, 1, '9500.00'),
(176, 134, 4, 2, '1500.00'),
(177, 135, 12, 1, '500.00'),
(178, 136, 1, 2, '2000.00'),
(179, 137, 4, 1, '1500.00'),
(180, 138, 8, 1, '1000.00'),
(181, 139, 1, 1, '2000.00'),
(182, 140, 12, 1, '500.00'),
(183, 141, 12, 1, '500.00'),
(184, 141, 16, 1, '500.00'),
(185, 142, 15, 1, '2500.00'),
(186, 143, 16, 1, '500.00'),
(187, 144, 8, 1, '1000.00'),
(188, 145, 6, 1, '1500.00'),
(189, 146, 8, 2, '1000.00'),
(190, 146, 4, 2, '1500.00'),
(191, 147, 5, 1, '500.00'),
(192, 148, 3, 1, '2000.00'),
(193, 149, 3, 1, '2000.00'),
(194, 149, 8, 1, '1000.00'),
(195, 150, 7, 1, '2000.00'),
(196, 150, 5, 1, '500.00'),
(197, 151, 7, 4, '2000.00'),
(198, 151, 10, 2, '500.00'),
(199, 151, 12, 2, '500.00'),
(200, 151, 8, 1, '1000.00'),
(201, 152, 15, 1, '2500.00'),
(202, 152, 3, 1, '2000.00'),
(203, 152, 9, 1, '1000.00'),
(204, 152, 12, 1, '500.00'),
(205, 153, 8, 2, '1000.00'),
(206, 153, 12, 1, '500.00'),
(207, 154, 5, 1, '500.00'),
(208, 154, 3, 1, '2000.00'),
(209, 154, 7, 1, '2000.00'),
(210, 154, 12, 2, '500.00'),
(211, 155, 3, 1, '2000.00'),
(212, 155, 12, 1, '500.00'),
(213, 156, 8, 1, '1000.00'),
(214, 157, 9, 1, '1000.00'),
(215, 157, 12, 1, '500.00'),
(216, 158, 7, 1, '2000.00'),
(217, 159, 3, 1, '2000.00'),
(218, 160, 1, 1, '2000.00'),
(219, 161, 7, 1, '2000.00'),
(220, 162, 16, 2, '500.00'),
(221, 163, 7, 1, '2000.00'),
(222, 164, 12, 2, '500.00'),
(223, 165, 7, 1, '2000.00'),
(224, 166, 16, 1, '500.00'),
(225, 167, 6, 1, '1500.00'),
(226, 167, 3, 1, '2000.00'),
(227, 167, 7, 1, '2000.00'),
(228, 167, 12, 1, '500.00'),
(229, 168, 7, 1, '2000.00'),
(230, 168, 12, 1, '500.00'),
(231, 169, 8, 2, '1000.00'),
(232, 170, 3, 2, '2000.00'),
(233, 170, 7, 1, '2000.00'),
(234, 170, 12, 3, '500.00'),
(235, 170, 5, 1, '500.00'),
(236, 171, 7, 1, '2000.00'),
(237, 172, 9, 1, '1000.00'),
(238, 172, 12, 1, '500.00'),
(239, 173, 5, 3, '500.00'),
(240, 173, 8, 1, '1000.00'),
(241, 173, 7, 2, '2000.00'),
(242, 173, 3, 2, '2000.00'),
(243, 173, 12, 4, '500.00'),
(244, 174, 12, 1, '500.00'),
(245, 175, 12, 1, '500.00'),
(246, 176, 9, 1, '1000.00'),
(247, 176, 7, 1, '2000.00'),
(248, 176, 12, 1, '500.00'),
(249, 177, 8, 2, '1000.00'),
(250, 178, 9, 3, '1000.00'),
(251, 178, 12, 1, '500.00'),
(252, 179, 10, 1, '500.00'),
(253, 180, 9, 2, '1000.00'),
(254, 180, 12, 1, '500.00'),
(255, 181, 12, 3, '500.00'),
(256, 182, 12, 1, '500.00'),
(257, 183, 7, 1, '2000.00'),
(258, 183, 12, 1, '500.00'),
(259, 184, 12, 1, '500.00'),
(260, 185, 4, 3, '1500.00'),
(261, 186, 7, 1, '2000.00'),
(262, 186, 3, 1, '2000.00'),
(263, 186, 8, 1, '1000.00'),
(264, 186, 12, 3, '500.00'),
(265, 187, 7, 1, '2000.00'),
(266, 187, 3, 1, '2000.00'),
(267, 188, 6, 1, '1500.00'),
(268, 188, 9, 1, '1000.00'),
(269, 189, 12, 1, '500.00'),
(270, 190, 12, 1, '500.00'),
(271, 190, 3, 1, '2000.00'),
(272, 191, 6, 1, '1500.00'),
(273, 191, 4, 1, '1500.00'),
(274, 191, 12, 2, '500.00'),
(275, 191, 16, 1, '500.00'),
(276, 192, 7, 1, '2000.00'),
(277, 192, 12, 1, '500.00'),
(278, 193, 8, 1, '1000.00'),
(279, 194, 12, 1, '500.00'),
(280, 194, 8, 1, '1000.00'),
(281, 195, 7, 1, '2000.00'),
(282, 195, 15, 1, '2500.00'),
(283, 195, 12, 2, '500.00'),
(284, 196, 7, 1, '2000.00'),
(285, 197, 8, 2, '1000.00'),
(286, 197, 7, 1, '2000.00'),
(287, 197, 12, 1, '500.00'),
(288, 197, 6, 1, '1500.00'),
(289, 197, 10, 1, '500.00'),
(290, 198, 11, 1, '500.00'),
(291, 199, 6, 2, '1500.00'),
(292, 199, 12, 2, '500.00'),
(293, 200, 7, 2, '2000.00'),
(294, 200, 8, 1, '1000.00'),
(295, 200, 3, 1, '2000.00'),
(296, 200, 12, 4, '500.00'),
(297, 201, 7, 2, '2000.00'),
(298, 201, 12, 2, '500.00'),
(299, 202, 8, 1, '1000.00'),
(300, 203, 7, 1, '2000.00'),
(301, 204, 9, 1, '1000.00'),
(302, 204, 8, 1, '1000.00'),
(303, 204, 10, 1, '500.00'),
(304, 205, 8, 1, '1000.00'),
(305, 206, 6, 1, '1500.00'),
(306, 207, 7, 1, '2000.00'),
(307, 207, 12, 1, '500.00'),
(308, 208, 7, 1, '2000.00'),
(309, 208, 3, 1, '2000.00'),
(310, 208, 12, 2, '500.00'),
(311, 208, 10, 1, '500.00'),
(312, 209, 7, 1, '2000.00'),
(313, 209, 16, 1, '500.00'),
(314, 210, 7, 1, '2000.00'),
(315, 210, 12, 1, '500.00'),
(316, 211, 9, 1, '1000.00'),
(317, 211, 8, 1, '1000.00'),
(318, 212, 12, 1, '500.00'),
(319, 213, 15, 1, '2500.00'),
(320, 214, 9, 1, '1000.00'),
(321, 214, 12, 1, '500.00'),
(322, 215, 7, 1, '2000.00'),
(323, 215, 12, 2, '500.00'),
(324, 216, 4, 1, '1500.00'),
(325, 217, 16, 1, '500.00'),
(326, 218, 12, 1, '500.00'),
(327, 219, 7, 1, '2000.00'),
(328, 219, 12, 1, '500.00'),
(329, 220, 8, 2, '1000.00'),
(330, 221, 3, 1, '2000.00'),
(331, 221, 12, 2, '500.00'),
(332, 221, 8, 1, '1000.00'),
(333, 222, 8, 2, '1000.00'),
(334, 223, 16, 1, '500.00'),
(335, 224, 8, 1, '1000.00'),
(336, 225, 8, 2, '1000.00'),
(337, 226, 7, 1, '2000.00'),
(338, 226, 12, 1, '500.00'),
(339, 227, 8, 1, '1000.00'),
(340, 228, 4, 1, '1500.00'),
(341, 228, 12, 1, '500.00'),
(342, 229, 9, 1, '1000.00'),
(343, 230, 7, 1, '2000.00'),
(344, 231, 7, 1, '2000.00'),
(345, 232, 7, 4, '2000.00'),
(346, 233, 3, 1, '2000.00'),
(347, 234, 16, 1, '500.00'),
(348, 235, 8, 2, '1000.00'),
(349, 236, 10, 1, '500.00'),
(350, 236, 12, 1, '500.00'),
(351, 237, 12, 1, '500.00'),
(352, 238, 3, 1, '2000.00'),
(353, 238, 12, 2, '500.00'),
(354, 239, 12, 1, '500.00'),
(355, 240, 3, 1, '2000.00'),
(356, 240, 12, 1, '500.00'),
(357, 241, 8, 2, '1000.00'),
(358, 241, 12, 2, '500.00'),
(359, 242, 8, 1, '1000.00'),
(360, 243, 16, 2, '500.00'),
(361, 244, 16, 1, '500.00'),
(362, 245, 7, 1, '2000.00'),
(363, 246, 13, 1, '2000.00'),
(364, 246, 12, 1, '500.00'),
(365, 247, 12, 1, '500.00'),
(366, 248, 13, 1, '2000.00'),
(367, 249, 13, 2, '2000.00'),
(368, 250, 7, 1, '2000.00'),
(369, 251, 13, 3, '2000.00'),
(370, 252, 16, 1, '500.00'),
(371, 253, 13, 2, '2000.00'),
(372, 254, 8, 1, '1000.00'),
(373, 254, 12, 1, '500.00'),
(374, 255, 13, 1, '2000.00'),
(375, 256, 13, 2, '2000.00'),
(376, 257, 13, 1, '2000.00'),
(377, 258, 7, 1, '2000.00'),
(378, 258, 16, 1, '500.00'),
(379, 259, 9, 1, '1000.00'),
(380, 259, 12, 1, '500.00'),
(381, 260, 8, 2, '1000.00'),
(382, 260, 12, 2, '500.00'),
(383, 261, 9, 2, '500.00'),
(384, 262, 9, 2, '500.00'),
(385, 263, 11, 1, '500.00'),
(386, 264, 17, 1, '9000.00'),
(387, 265, 9, 1, '500.00'),
(388, 266, 8, 4, '500.00'),
(389, 267, 20, 1, '2000.00'),
(390, 268, 20, 1, '2000.00'),
(391, 269, 20, 1, '2000.00'),
(392, 270, 20, 1, '2000.00'),
(393, 271, 3, 1, '1000.00'),
(394, 272, 21, 2, '1000.00'),
(395, 273, 21, 1, '1000.00'),
(396, 274, 21, 1, '1000.00'),
(397, 275, 9, 2, '500.00'),
(398, 276, 21, 1, '1000.00'),
(399, 277, 9, 2, '500.00'),
(400, 277, 21, 1, '1000.00'),
(401, 278, 21, 1, '1000.00'),
(402, 279, 21, 1, '1000.00'),
(403, 280, 12, 1, '500.00'),
(404, 281, 3, 2, '1000.00'),
(405, 281, 12, 1, '500.00'),
(406, 282, 3, 2, '1000.00'),
(407, 283, 3, 4, '1000.00'),
(408, 284, 3, 1, '1000.00'),
(409, 284, 12, 1, '500.00'),
(410, 285, 3, 1, '1000.00'),
(411, 286, 5, 2, '500.00'),
(412, 286, 8, 1, '1000.00'),
(413, 286, 20, 1, '2000.00'),
(414, 287, 7, 4, '2000.00'),
(415, 287, 6, 3, '1500.00');

--
-- Indexes for dumped tables
--

--
-- Indexes for table `productos`
--
ALTER TABLE `productos`
  ADD PRIMARY KEY (`id`);

--
-- Indexes for table `tipos_pago`
--
ALTER TABLE `tipos_pago`
  ADD PRIMARY KEY (`id`);

--
-- Indexes for table `ventas`
--
ALTER TABLE `ventas`
  ADD PRIMARY KEY (`id`),
  ADD KEY `id_tipo_pago` (`id_tipo_pago`);

--
-- Indexes for table `venta_producto`
--
ALTER TABLE `venta_producto`
  ADD PRIMARY KEY (`id`),
  ADD KEY `id_venta` (`id_venta`),
  ADD KEY `id_producto` (`id_producto`);

--
-- AUTO_INCREMENT for dumped tables
--

--
-- AUTO_INCREMENT for table `productos`
--
ALTER TABLE `productos`
  MODIFY `id` int(11) NOT NULL AUTO_INCREMENT, AUTO_INCREMENT=22;

--
-- AUTO_INCREMENT for table `tipos_pago`
--
ALTER TABLE `tipos_pago`
  MODIFY `id` int(11) NOT NULL AUTO_INCREMENT, AUTO_INCREMENT=3;

--
-- AUTO_INCREMENT for table `ventas`
--
ALTER TABLE `ventas`
  MODIFY `id` int(11) NOT NULL AUTO_INCREMENT, AUTO_INCREMENT=288;

--
-- AUTO_INCREMENT for table `venta_producto`
--
ALTER TABLE `venta_producto`
  MODIFY `id` int(11) NOT NULL AUTO_INCREMENT, AUTO_INCREMENT=416;

--
-- Constraints for dumped tables
--

--
-- Constraints for table `ventas`
--
ALTER TABLE `ventas`
  ADD CONSTRAINT `ventas_ibfk_1` FOREIGN KEY (`id_tipo_pago`) REFERENCES `tipos_pago` (`id`);

--
-- Constraints for table `venta_producto`
--
ALTER TABLE `venta_producto`
  ADD CONSTRAINT `venta_producto_ibfk_1` FOREIGN KEY (`id_venta`) REFERENCES `ventas` (`id`),
  ADD CONSTRAINT `venta_producto_ibfk_2` FOREIGN KEY (`id_producto`) REFERENCES `productos` (`id`);
COMMIT;

/*!40101 SET CHARACTER_SET_CLIENT=@OLD_CHARACTER_SET_CLIENT */;
/*!40101 SET CHARACTER_SET_RESULTS=@OLD_CHARACTER_SET_RESULTS */;
/*!40101 SET COLLATION_CONNECTION=@OLD_COLLATION_CONNECTION */;
