-- Volcando estructura de base de datos para pos_database
CREATE DATABASE IF NOT EXISTS pos_database;
USE `pos_database`;

-- Volcando estructura para tabla pos_database.productos
CREATE TABLE IF NOT EXISTS `productos` (
                                         `id` int NOT NULL AUTO_INCREMENT,
                                         `nombre` varchar(100) NOT NULL,
  `precio` decimal(10,2) NOT NULL,
  `activo` tinyint NOT NULL DEFAULT (1),
  PRIMARY KEY (`id`)
  ) ENGINE=InnoDB AUTO_INCREMENT=14 DEFAULT CHARSET=utf8mb4;

-- Volcando datos para la tabla pos_database.productos: ~11 rows (aproximadamente)
INSERT INTO `productos` (`id`, `nombre`, `precio`, `activo`) VALUES
                                                               (2, 'CHIFRIJO', 2000.00, 1),
                                                               (3, 'EMPANADA POLLO', 500.00, 0),
                                                               (4, 'EMPANADA QUESO', 500.00, 1),
                                                               (5, 'EMPANADA FRIJOL', 500.00, 1),
                                                               (6, 'EMPANADA CHIVERRE', 250.00, 1),
                                                               (7, 'CHALUPA', 1500.00, 0),
                                                               (8, 'NACHO POLLO', 2000.00, 0),
                                                               (9, 'AGUADULCE', 500.00, 1),
                                                               (10, 'CAFE', 500.00, 1),
                                                               (11, 'GASEOSA', 500.00, 1),
                                                               (12, 'PINCHO', 1000.00, 1),
                                                               (13, 'SOBRANTE DE QUESO', 1000.00, 0);

-- Volcando estructura para tabla pos_database.tipos_pago
CREATE TABLE IF NOT EXISTS `tipos_pago` (
                                          `id` int NOT NULL AUTO_INCREMENT,
                                          `nombre` varchar(50) NOT NULL,
  PRIMARY KEY (`id`)
  ) ENGINE=InnoDB AUTO_INCREMENT=3 DEFAULT CHARSET=utf8mb4;

-- Volcando datos para la tabla pos_database.tipos_pago: ~2 rows (aproximadamente)
INSERT INTO `tipos_pago` (`id`, `nombre`) VALUES
                                            (1, 'Efectivo'),
                                            (2, 'Sinpe');

-- Volcando estructura para tabla pos_database.ventas
CREATE TABLE IF NOT EXISTS `ventas` (
                                      `id` int NOT NULL AUTO_INCREMENT,
                                      `total` decimal(10,2) NOT NULL,
  `id_tipo_pago` int NOT NULL,
  `nombre_cliente` varchar(255) NOT NULL,
  `fecha_venta` timestamp NULL DEFAULT CURRENT_TIMESTAMP,
  PRIMARY KEY (`id`),
  KEY `id_tipo_pago` (`id_tipo_pago`),
  CONSTRAINT `ventas_ibfk_1` FOREIGN KEY (`id_tipo_pago`) REFERENCES `tipos_pago` (`id`)
  ) ENGINE=InnoDB AUTO_INCREMENT=203 DEFAULT CHARSET=utf8mb4;

-- Volcando datos para la tabla pos_database.ventas: ~172 rows (aproximadamente)
INSERT INTO `ventas` (`id`, `total`, `id_tipo_pago`, `nombre_cliente`, `fecha_venta`) VALUES
                                                                                        (15, 3000.00, 1, 'Cliente Anónimo', '2024-04-19 23:51:24'),
                                                                                        (16, 1500.00, 1, 'GILBERTH ARIAS', '2024-04-19 23:53:20'),
                                                                                        (17, 1000.00, 1, 'KENDALL ALVARADO', '2024-04-19 23:55:38'),
                                                                                        (18, 5000.00, 1, 'NORY ALVAREZ', '2024-04-19 23:57:59'),
                                                                                        (19, 10000.00, 2, 'ANDRES CHACON', '2024-04-20 00:05:21'),
                                                                                        (20, 2000.00, 1, 'Cliente Anónimo', '2024-04-20 00:11:15'),
                                                                                        (21, 1000.00, 2, 'Cliente Anónimo', '2024-04-20 00:15:48'),
                                                                                        (22, 2500.00, 1, 'MARIO', '2024-04-20 00:17:09'),
                                                                                        (23, 5000.00, 1, 'ANIA MORA', '2024-04-20 00:26:28'),
                                                                                        (24, 1000.00, 1, 'MARIO', '2024-04-20 00:28:38'),
                                                                                        (25, 2500.00, 1, 'Cliente Anónimo', '2024-04-20 00:37:42'),
                                                                                        (26, 2000.00, 1, 'JUSTIN MONGE', '2024-04-20 00:38:42'),
                                                                                        (27, 1000.00, 1, 'YULIETH', '2024-04-20 00:41:33'),
                                                                                        (29, 5000.00, 1, 'JOSE', '2024-04-20 00:44:26'),
                                                                                        (30, 5000.00, 1, 'JOSE', '2024-04-20 00:44:26'),
                                                                                        (31, 2000.00, 1, 'JUSTIN', '2024-04-20 00:46:02'),
                                                                                        (32, 10000.00, 1, 'YENDRY', '2024-04-20 00:51:04'),
                                                                                        (33, 3000.00, 1, 'JUSTIN', '2024-04-20 00:56:44'),
                                                                                        (34, 9000.00, 1, 'Cliente Anónimo', '2024-04-20 00:59:03'),
                                                                                        (35, 5000.00, 1, 'LENIN', '2024-04-20 01:00:04'),
                                                                                        (36, 2000.00, 1, 'Cliente Anónimo', '2024-04-20 01:00:41'),
                                                                                        (37, 2500.00, 1, 'ORLANDO MONGE', '2024-04-20 01:01:26'),
                                                                                        (38, 2000.00, 1, 'LENIN', '2024-04-20 01:02:24'),
                                                                                        (39, 4500.00, 1, 'ALEXANDE FERNANDEZ', '2024-04-20 01:03:42'),
                                                                                        (40, 2000.00, 1, 'ANTONY', '2024-04-20 01:04:30'),
                                                                                        (41, 3000.00, 1, 'MARGINY', '2024-04-20 01:05:26'),
                                                                                        (42, 1500.00, 1, 'Cliente Anónimo', '2024-04-20 01:11:11'),
                                                                                        (43, 7000.00, 1, 'ANTONY', '2024-04-20 01:11:52'),
                                                                                        (44, 5500.00, 1, 'STHEPHANIE', '2024-04-20 01:13:19'),
                                                                                        (45, 1500.00, 1, 'Cliente Anónimo', '2024-04-20 01:13:58'),
                                                                                        (46, 6500.00, 1, 'KAREN ALVARADO', '2024-04-20 01:15:28'),
                                                                                        (47, 3000.00, 1, 'KIMBERLY', '2024-04-20 01:17:13'),
                                                                                        (48, 1000.00, 2, 'YAMILETH', '2024-04-20 01:18:04'),
                                                                                        (49, 1000.00, 1, 'YENDRY', '2024-04-20 01:18:29'),
                                                                                        (50, 1000.00, 1, 'YENDRY', '2024-04-20 01:18:50'),
                                                                                        (51, 1500.00, 1, 'Cliente Anónimo', '2024-04-20 01:19:19'),
                                                                                        (52, 2000.00, 1, 'ANTONY', '2024-04-20 01:20:31'),
                                                                                        (53, 500.00, 1, 'MAYLIN', '2024-04-20 01:22:34'),
                                                                                        (54, 2000.00, 1, 'ALONDRA', '2024-04-20 01:24:21'),
                                                                                        (55, 1500.00, 2, 'ROBERTO', '2024-04-20 01:24:52'),
                                                                                        (56, 500.00, 1, 'SHEILA', '2024-04-20 01:25:15'),
                                                                                        (57, 3500.00, 1, 'JAIRO VARGAS', '2024-04-20 01:27:53'),
                                                                                        (58, 8500.00, 1, 'ANGELICA SUAREZ', '2024-04-20 01:28:41'),
                                                                                        (59, 3000.00, 1, 'KEVIN', '2024-04-20 01:29:32'),
                                                                                        (60, 2000.00, 1, 'ELMER', '2024-04-20 01:32:34'),
                                                                                        (61, 1000.00, 1, 'MARGINY', '2024-04-20 01:33:36'),
                                                                                        (62, 2000.00, 1, 'JOSELINE', '2024-04-20 01:35:55'),
                                                                                        (63, 3000.00, 1, 'SANDRA RODRIGUEZ', '2024-04-20 01:36:51'),
                                                                                        (64, 2000.00, 1, 'JUSTIN', '2024-04-20 01:37:34'),
                                                                                        (65, 8000.00, 2, 'DIDIER FONSECA', '2024-04-20 01:37:56'),
                                                                                        (66, 1500.00, 1, 'CARLOS', '2024-04-20 01:39:48'),
                                                                                        (67, 1500.00, 2, 'KENDALL ALVARADO', '2024-04-20 01:40:51'),
                                                                                        (68, 500.00, 1, 'NOE VARGAS', '2024-04-20 01:41:51'),
                                                                                        (69, 4500.00, 1, 'ROCIO ', '2024-04-20 01:42:36'),
                                                                                        (70, 2000.00, 1, 'RONALD SUAREZ', '2024-04-20 01:43:28'),
                                                                                        (71, 1000.00, 1, 'CARLOS', '2024-04-20 01:44:40'),
                                                                                        (72, 2000.00, 1, 'STEVEN', '2024-04-20 01:46:59'),
                                                                                        (73, 3000.00, 2, 'MANRIQUE', '2024-04-20 01:48:36'),
                                                                                        (74, 6500.00, 1, 'Cliente Anónimo', '2024-04-20 01:49:40'),
                                                                                        (75, 3500.00, 2, 'Cliente Anónimo', '2024-04-20 01:51:17'),
                                                                                        (76, 7000.00, 2, 'GREIVIN VAZQUEZ', '2024-04-20 01:52:30'),
                                                                                        (77, 4500.00, 1, 'YOHANNA', '2024-04-20 01:53:17'),
                                                                                        (78, 1000.00, 1, 'RUTH VARGAS', '2024-04-20 01:54:28'),
                                                                                        (79, 2000.00, 1, 'Cliente Anónimo', '2024-04-20 01:54:45'),
                                                                                        (80, 1000.00, 1, 'LUIS JARA', '2024-04-20 01:55:35'),
                                                                                        (81, 4000.00, 1, 'Cliente Anónimo', '2024-04-20 01:56:12'),
                                                                                        (82, 2000.00, 2, 'GREIVIN VAZQUEZ', '2024-04-20 01:57:26'),
                                                                                        (83, 2000.00, 2, 'ANA', '2024-04-20 02:00:05'),
                                                                                        (84, 3000.00, 1, 'FRANCO', '2024-04-20 02:00:41'),
                                                                                        (85, 3000.00, 2, 'JENNY GONZALES', '2024-04-20 02:02:34'),
                                                                                        (86, 2000.00, 1, 'ANA RODRIGUEZ', '2024-04-20 02:03:11'),
                                                                                        (87, 1000.00, 1, 'LUIA HUERTAS', '2024-04-20 02:03:40'),
                                                                                        (88, 2000.00, 1, 'YENDRY', '2024-04-20 02:04:54'),
                                                                                        (89, 2000.00, 1, 'JENNY', '2024-04-20 02:05:28'),
                                                                                        (90, 4000.00, 1, 'OLGER MONESTEL', '2024-04-20 02:06:34'),
                                                                                        (91, 1000.00, 1, 'FRANCO', '2024-04-20 02:07:03'),
                                                                                        (92, 1000.00, 1, 'RUBY BELLO', '2024-04-20 02:08:02'),
                                                                                        (93, 2000.00, 2, 'KIARA', '2024-04-20 02:09:32'),
                                                                                        (94, 2500.00, 1, 'MIRILO', '2024-04-20 02:10:22'),
                                                                                        (95, 1000.00, 1, 'GABRIEL', '2024-04-20 02:10:48'),
                                                                                        (96, 2000.00, 1, 'MERCEDES', '2024-04-20 02:11:38'),
                                                                                        (97, 2500.00, 1, 'ANDREA', '2024-04-20 02:12:17'),
                                                                                        (98, 2000.00, 1, 'MELANNY', '2024-04-20 02:13:14'),
                                                                                        (99, 2000.00, 1, 'OLGER MONESTEL', '2024-04-20 02:13:38'),
                                                                                        (100, 1000.00, 1, 'LUIS HUERTAS', '2024-04-20 02:14:26'),
                                                                                        (101, 2000.00, 1, 'YENDRY', '2024-04-20 02:15:00'),
                                                                                        (102, 4000.00, 1, 'ALONDRA', '2024-04-20 02:15:55'),
                                                                                        (103, 3000.00, 1, 'EMANUEL', '2024-04-20 02:16:35'),
                                                                                        (104, 2000.00, 1, 'GABRIEL RUIZ', '2024-04-20 02:17:11'),
                                                                                        (105, 2000.00, 1, 'ANGELICA', '2024-04-20 02:17:57'),
                                                                                        (106, 2500.00, 1, 'LUIA JARA', '2024-04-20 02:18:30'),
                                                                                        (107, 1500.00, 1, 'IAN', '2024-04-20 02:19:30'),
                                                                                        (108, 2000.00, 1, 'KIANNY', '2024-04-20 02:20:13'),
                                                                                        (109, 3000.00, 1, 'DANIEL', '2024-04-20 02:21:09'),
                                                                                        (110, 6500.00, 1, 'GERALDIN', '2024-04-20 02:23:20'),
                                                                                        (111, 2000.00, 1, 'KEYLOR ANCHIA', '2024-04-20 02:23:58'),
                                                                                        (112, 2500.00, 1, 'JUSTIN', '2024-04-20 02:24:28'),
                                                                                        (113, 3000.00, 1, 'GABRIAL MEJIAS', '2024-04-20 02:25:37'),
                                                                                        (114, 2000.00, 1, 'AARON', '2024-04-20 02:26:11'),
                                                                                        (115, 5000.00, 1, 'GISSELLE SANCHEZ', '2024-04-20 02:27:59'),
                                                                                        (116, 6000.00, 2, 'BRYAN ALVARADO', '2024-04-20 02:30:45'),
                                                                                        (117, 1000.00, 2, 'KIARA', '2024-04-20 02:32:49'),
                                                                                        (118, 4500.00, 1, 'JESSICA UGALDE', '2024-04-20 02:34:03'),
                                                                                        (119, 2000.00, 1, 'VICTOR', '2024-04-20 02:34:29'),
                                                                                        (120, 3500.00, 1, 'MELANIA', '2024-04-20 02:36:28'),
                                                                                        (121, 3000.00, 2, 'YARITZA', '2024-04-20 02:39:56'),
                                                                                        (122, 1000.00, 1, 'EMILY', '2024-04-20 02:40:32'),
                                                                                        (123, 3500.00, 1, 'KIMBERLY', '2024-04-20 02:41:48'),
                                                                                        (124, 3000.00, 1, 'MAYKOL MONESTEL', '2024-04-20 02:42:40'),
                                                                                        (125, 1500.00, 1, 'GISSELLE SANCHEZ', '2024-04-20 02:43:17'),
                                                                                        (126, 2500.00, 1, 'CRISTIAN ALVARADO', '2024-04-20 02:45:23'),
                                                                                        (127, 2000.00, 1, 'HAROLD', '2024-04-20 02:47:25'),
                                                                                        (128, 1000.00, 2, 'KAREN ALVARADO', '2024-04-20 02:48:33'),
                                                                                        (129, 500.00, 1, 'LUIS JARA', '2024-04-20 02:51:47'),
                                                                                        (130, 2500.00, 2, 'ARLYN', '2024-04-20 02:52:42'),
                                                                                        (131, 2000.00, 1, 'JOHANNY', '2024-04-20 02:53:13'),
                                                                                        (132, 3500.00, 1, 'YIRLANY', '2024-04-20 02:54:26'),
                                                                                        (133, 2500.00, 1, 'ALAN LOPEZ', '2024-04-20 02:55:03'),
                                                                                        (134, 3500.00, 1, 'Cliente Anónimo', '2024-04-20 02:56:05'),
                                                                                        (135, 5000.00, 1, 'TANNIA', '2024-04-20 02:57:11'),
                                                                                        (136, 2500.00, 1, 'EDUARDO', '2024-04-20 02:58:03'),
                                                                                        (137, 2000.00, 1, 'ANGELICA', '2024-04-20 02:59:35'),
                                                                                        (138, 6000.00, 1, 'LUIS GABRIEL', '2024-04-20 03:01:12'),
                                                                                        (139, 2000.00, 1, 'JORGE MATA', '2024-04-20 03:04:47'),
                                                                                        (140, 1000.00, 1, 'VICTOR', '2024-04-20 03:05:26'),
                                                                                        (141, 5000.00, 1, 'OLMAN RODRIGUEZ', '2024-04-20 03:06:31'),
                                                                                        (142, 1000.00, 1, 'JOHANNY', '2024-04-20 03:07:09'),
                                                                                        (143, 1000.00, 1, 'JORGE MATA', '2024-04-20 03:08:17'),
                                                                                        (144, 3000.00, 2, 'YAMILETH', '2024-04-20 03:08:53'),
                                                                                        (145, 5000.00, 1, 'JEAN CARLOS', '2024-04-20 03:11:38'),
                                                                                        (146, 2500.00, 1, 'MARYPAZ', '2024-04-20 03:12:57'),
                                                                                        (147, 1500.00, 2, 'ANA', '2024-04-20 03:13:35'),
                                                                                        (148, 1000.00, 1, 'Cliente Anónimo', '2024-04-20 03:15:17'),
                                                                                        (149, 500.00, 1, 'Cliente Anónimo', '2024-04-20 03:15:49'),
                                                                                        (150, 2000.00, 2, 'Cliente Anónimo', '2024-04-20 03:21:04'),
                                                                                        (151, 3000.00, 1, 'JAIRO HUERTAS', '2024-04-20 03:22:11'),
                                                                                        (152, 2500.00, 1, 'EFREN', '2024-04-20 03:22:47'),
                                                                                        (153, 2000.00, 1, 'Cliente Anónimo', '2024-04-20 03:23:57'),
                                                                                        (154, 500.00, 1, 'Cliente Anónimo', '2024-04-20 03:24:24'),
                                                                                        (155, 500.00, 1, 'Cliente Anónimo', '2024-04-20 03:28:24'),
                                                                                        (156, 1000.00, 1, 'Cliente Anónimo', '2024-04-20 03:28:58'),
                                                                                        (157, 2000.00, 1, 'KEVIN', '2024-04-20 03:29:30'),
                                                                                        (158, 1500.00, 1, 'PABLO', '2024-04-20 03:30:02'),
                                                                                        (159, 4000.00, 1, 'JUSTIN', '2024-04-20 03:30:49'),
                                                                                        (160, 1500.00, 1, 'OBED VARGAS', '2024-04-20 03:31:49'),
                                                                                        (161, 3500.00, 1, 'HAZEL', '2024-04-20 03:32:54'),
                                                                                        (162, 2000.00, 2, 'KENDALL ALVARADO', '2024-04-20 03:33:32'),
                                                                                        (163, 2000.00, 2, 'ALEJANDRO VARGAS', '2024-04-20 03:34:09'),
                                                                                        (164, 1500.00, 1, 'SAMUEL', '2024-04-20 03:34:51'),
                                                                                        (165, 2000.00, 1, 'JOSUE', '2024-04-20 03:35:27'),
                                                                                        (166, 1500.00, 1, 'Cliente Anónimo', '2024-04-20 03:37:00'),
                                                                                        (167, 3500.00, 1, 'JUAN CARLOS JARA', '2024-04-20 03:39:04'),
                                                                                        (168, 3000.00, 1, 'CHRISTIAN', '2024-04-20 03:41:23'),
                                                                                        (169, 3000.00, 2, 'KEYLOR', '2024-04-20 03:42:57'),
                                                                                        (170, 500.00, 1, 'MARIELA', '2024-04-20 03:45:50'),
                                                                                        (171, 3500.00, 1, 'ALONSO', '2024-04-20 03:47:19'),
                                                                                        (172, 500.00, 1, 'KENNAY', '2024-04-20 03:48:07'),
                                                                                        (173, 1000.00, 1, 'ALISON', '2024-04-20 03:50:21'),
                                                                                        (174, 1000.00, 2, 'KEYLOR', '2024-04-20 03:54:36'),
                                                                                        (175, 2000.00, 1, 'Cliente Anónimo', '2024-04-20 03:59:49'),
                                                                                        (176, 4000.00, 1, 'Cliente Anónimo', '2024-04-20 04:01:18'),
                                                                                        (177, 500.00, 1, 'Cliente Anónimo', '2024-04-20 04:09:07'),
                                                                                        (178, 500.00, 1, 'Cliente Anónimo', '2024-04-20 04:09:38'),
                                                                                        (179, 3500.00, 1, 'LENIN', '2024-04-20 04:11:00'),
                                                                                        (180, 2000.00, 1, 'Cliente Anónimo', '2024-04-20 04:30:32'),
                                                                                        (181, 1000.00, 1, 'Cliente Anónimo', '2024-04-20 04:42:41'),
                                                                                        (182, 500.00, 1, 'Cliente Anónimo', '2024-04-20 04:45:54'),
                                                                                        (183, 3000.00, 1, 'Cliente Anónimo', '2024-04-20 04:48:02'),
                                                                                        (184, 2500.00, 2, 'ALEJANDRO VARGAS', '2024-04-20 04:51:21'),
                                                                                        (185, 500.00, 1, 'Cliente Anónimo', '2024-04-20 04:53:04'),
                                                                                        (186, 1000.00, 1, 'XINIA SALAS', '2024-04-20 04:58:39'),
                                                                                        (187, 1000.00, 1, 'Cliente Anónimo', '2024-04-20 05:10:47'),
                                                                                        (188, 3000.00, 1, 'Cliente Anónimo', '2024-04-20 05:12:13'),
                                                                                        (189, 500.00, 1, 'Cliente Anónimo', '2024-04-20 05:14:52'),
                                                                                        (190, 500.00, 1, 'Cliente Anónimo', '2024-04-20 05:16:20'),
                                                                                        (191, 3000.00, 1, 'CHRISTIAN', '2024-04-20 05:17:59'),
                                                                                        (192, 3000.00, 1, 'Cliente Anónimo', '2024-04-20 05:32:35'),
                                                                                        (193, 2000.00, 1, 'Cliente Anónimo', '2024-04-20 05:53:45'),
                                                                                        (194, 1000.00, 1, 'Cliente Anónimo', '2024-04-20 05:55:45'),
                                                                                        (195, 1000.00, 1, 'Cliente Anónimo', '2024-04-20 05:56:47'),
                                                                                        (196, 1000.00, 1, 'Cliente Anónimo', '2024-04-20 05:57:15'),
                                                                                        (197, 3000.00, 1, 'Cliente Anónimo', '2024-04-20 05:59:55'),
                                                                                        (198, 1000.00, 1, 'Cliente Anónimo', '2024-04-20 06:00:38'),
                                                                                        (199, 500.00, 1, 'Cliente Anónimo', '2024-04-20 06:01:05'),
                                                                                        (200, 1000.00, 1, 'Cliente Anónimo', '2024-04-20 06:01:40'),
                                                                                        (201, 1000.00, 1, 'Cliente Anónimo', '2024-04-20 06:02:33'),
                                                                                        (202, 500.00, 1, 'Cliente Anónimo', '2024-04-20 06:07:41');

-- Volcando estructura para tabla pos_database.venta_producto
CREATE TABLE IF NOT EXISTS `venta_producto` (
                                              `id` int NOT NULL AUTO_INCREMENT,
                                              `id_venta` int NOT NULL,
                                              `id_producto` int NOT NULL,
                                              `cantidad` int NOT NULL,
                                              `precio` decimal(10,2) NOT NULL,
  PRIMARY KEY (`id`),
  KEY `id_venta` (`id_venta`),
  KEY `id_producto` (`id_producto`),
  CONSTRAINT `venta_producto_ibfk_1` FOREIGN KEY (`id_venta`) REFERENCES `ventas` (`id`),
  CONSTRAINT `venta_producto_ibfk_2` FOREIGN KEY (`id_producto`) REFERENCES `productos` (`id`)
  ) ENGINE=InnoDB AUTO_INCREMENT=378 DEFAULT CHARSET=utf8mb4;

-- Volcando datos para la tabla pos_database.venta_producto: ~341 rows (aproximadamente)
INSERT INTO `venta_producto` (`id`, `id_venta`, `id_producto`, `cantidad`, `precio`) VALUES
                                                                                       (34, 15, 10, 2, 500.00),
                                                                                       (35, 15, 4, 2, 1000.00),
                                                                                       (36, 16, 7, 1, 1500.00),
                                                                                       (37, 17, 9, 1, 500.00),
                                                                                       (38, 17, 6, 1, 500.00),
                                                                                       (39, 18, 8, 1, 2000.00),
                                                                                       (40, 18, 7, 2, 1500.00),
                                                                                       (41, 19, 12, 8, 1000.00),
                                                                                       (42, 19, 2, 1, 2000.00),
                                                                                       (43, 20, 7, 1, 1500.00),
                                                                                       (44, 20, 10, 1, 500.00),
                                                                                       (45, 21, 4, 1, 1000.00),
                                                                                       (46, 22, 2, 1, 2000.00),
                                                                                       (47, 22, 11, 1, 500.00),
                                                                                       (48, 23, 2, 1, 2000.00),
                                                                                       (49, 23, 5, 1, 1000.00),
                                                                                       (50, 23, 6, 2, 500.00),
                                                                                       (51, 23, 12, 1, 1000.00),
                                                                                       (52, 24, 12, 1, 1000.00),
                                                                                       (53, 25, 2, 1, 2000.00),
                                                                                       (54, 25, 11, 1, 500.00),
                                                                                       (55, 26, 8, 1, 2000.00),
                                                                                       (56, 27, 12, 1, 1000.00),
                                                                                       (59, 29, 8, 2, 2000.00),
                                                                                       (60, 29, 11, 2, 500.00),
                                                                                       (61, 30, 8, 2, 2000.00),
                                                                                       (62, 30, 11, 2, 500.00),
                                                                                       (63, 31, 12, 2, 1000.00),
                                                                                       (64, 32, 3, 1, 1000.00),
                                                                                       (65, 32, 2, 2, 2000.00),
                                                                                       (66, 32, 8, 1, 2000.00),
                                                                                       (67, 32, 12, 1, 1000.00),
                                                                                       (68, 32, 11, 4, 500.00),
                                                                                       (69, 33, 12, 1, 1000.00),
                                                                                       (70, 33, 8, 1, 2000.00),
                                                                                       (71, 34, 12, 9, 1000.00),
                                                                                       (72, 35, 7, 2, 1500.00),
                                                                                       (73, 35, 12, 2, 1000.00),
                                                                                       (74, 36, 8, 1, 2000.00),
                                                                                       (75, 37, 12, 2, 1000.00),
                                                                                       (76, 37, 10, 1, 500.00),
                                                                                       (77, 38, 11, 2, 500.00),
                                                                                       (78, 38, 10, 2, 500.00),
                                                                                       (79, 39, 7, 1, 1500.00),
                                                                                       (80, 39, 6, 1, 500.00),
                                                                                       (81, 39, 11, 1, 500.00),
                                                                                       (82, 39, 8, 1, 2000.00),
                                                                                       (83, 40, 12, 2, 1000.00),
                                                                                       (84, 41, 12, 2, 1000.00),
                                                                                       (85, 41, 10, 1, 500.00),
                                                                                       (86, 41, 11, 1, 500.00),
                                                                                       (87, 42, 3, 1, 1000.00),
                                                                                       (88, 42, 9, 1, 500.00),
                                                                                       (89, 43, 8, 3, 2000.00),
                                                                                       (90, 43, 12, 1, 1000.00),
                                                                                       (91, 44, 8, 1, 2000.00),
                                                                                       (92, 44, 12, 2, 1000.00),
                                                                                       (93, 44, 11, 3, 500.00),
                                                                                       (94, 45, 3, 1, 1000.00),
                                                                                       (95, 45, 11, 1, 500.00),
                                                                                       (96, 46, 7, 2, 1500.00),
                                                                                       (97, 46, 2, 1, 2000.00),
                                                                                       (98, 46, 11, 3, 500.00),
                                                                                       (99, 47, 12, 2, 1000.00),
                                                                                       (100, 47, 11, 2, 500.00),
                                                                                       (101, 48, 3, 1, 1000.00),
                                                                                       (102, 49, 12, 1, 1000.00),
                                                                                       (103, 50, 12, 1, 1000.00),
                                                                                       (104, 51, 12, 1, 1000.00),
                                                                                       (105, 51, 9, 1, 500.00),
                                                                                       (106, 52, 8, 1, 2000.00),
                                                                                       (107, 53, 6, 1, 500.00),
                                                                                       (108, 54, 8, 1, 2000.00),
                                                                                       (109, 55, 3, 1, 1000.00),
                                                                                       (110, 55, 11, 1, 500.00),
                                                                                       (111, 56, 11, 1, 500.00),
                                                                                       (112, 57, 8, 1, 2000.00),
                                                                                       (113, 57, 11, 1, 500.00),
                                                                                       (114, 57, 3, 1, 1000.00),
                                                                                       (115, 58, 2, 2, 2000.00),
                                                                                       (116, 58, 7, 1, 1500.00),
                                                                                       (117, 58, 8, 1, 2000.00),
                                                                                       (118, 58, 11, 2, 500.00),
                                                                                       (119, 59, 12, 3, 1000.00),
                                                                                       (120, 60, 2, 1, 2000.00),
                                                                                       (121, 61, 12, 1, 1000.00),
                                                                                       (122, 62, 2, 1, 2000.00),
                                                                                       (123, 63, 12, 1, 1000.00),
                                                                                       (124, 63, 7, 1, 1500.00),
                                                                                       (125, 63, 11, 1, 500.00),
                                                                                       (126, 64, 12, 1, 1000.00),
                                                                                       (127, 64, 10, 1, 500.00),
                                                                                       (128, 64, 11, 1, 500.00),
                                                                                       (129, 65, 7, 1, 1500.00),
                                                                                       (130, 65, 3, 1, 1000.00),
                                                                                       (131, 65, 4, 1, 1000.00),
                                                                                       (132, 65, 5, 1, 1000.00),
                                                                                       (133, 65, 12, 2, 1000.00),
                                                                                       (134, 65, 6, 3, 500.00),
                                                                                       (135, 66, 12, 1, 1000.00),
                                                                                       (136, 66, 11, 1, 500.00),
                                                                                       (137, 67, 3, 1, 1000.00),
                                                                                       (138, 67, 11, 1, 500.00),
                                                                                       (139, 68, 11, 1, 500.00),
                                                                                       (140, 69, 8, 2, 2000.00),
                                                                                       (141, 69, 11, 1, 500.00),
                                                                                       (142, 70, 8, 1, 2000.00),
                                                                                       (143, 71, 12, 1, 1000.00),
                                                                                       (144, 72, 12, 2, 1000.00),
                                                                                       (145, 73, 8, 1, 2000.00),
                                                                                       (146, 73, 12, 1, 1000.00),
                                                                                       (147, 74, 8, 2, 2000.00),
                                                                                       (148, 74, 4, 1, 1000.00),
                                                                                       (149, 74, 11, 3, 500.00),
                                                                                       (150, 75, 4, 1, 1000.00),
                                                                                       (151, 75, 7, 1, 1500.00),
                                                                                       (152, 75, 11, 2, 500.00),
                                                                                       (153, 76, 7, 2, 1500.00),
                                                                                       (154, 76, 8, 2, 2000.00),
                                                                                       (155, 77, 2, 1, 2000.00),
                                                                                       (156, 77, 7, 1, 1500.00),
                                                                                       (157, 77, 11, 2, 500.00),
                                                                                       (158, 78, 3, 1, 1000.00),
                                                                                       (159, 79, 12, 2, 1000.00),
                                                                                       (160, 80, 12, 1, 1000.00),
                                                                                       (161, 81, 8, 2, 2000.00),
                                                                                       (162, 82, 8, 1, 2000.00),
                                                                                       (163, 83, 8, 1, 2000.00),
                                                                                       (164, 84, 2, 1, 2000.00),
                                                                                       (165, 84, 12, 1, 1000.00),
                                                                                       (166, 85, 8, 1, 2000.00),
                                                                                       (167, 85, 11, 2, 500.00),
                                                                                       (168, 86, 11, 1, 500.00),
                                                                                       (169, 86, 7, 1, 1500.00),
                                                                                       (170, 87, 12, 1, 1000.00),
                                                                                       (171, 88, 8, 1, 2000.00),
                                                                                       (172, 89, 8, 1, 2000.00),
                                                                                       (173, 90, 7, 2, 1500.00),
                                                                                       (174, 90, 11, 1, 500.00),
                                                                                       (175, 90, 9, 1, 500.00),
                                                                                       (176, 91, 11, 2, 500.00),
                                                                                       (177, 92, 12, 1, 1000.00),
                                                                                       (178, 93, 2, 1, 2000.00),
                                                                                       (179, 94, 2, 1, 2000.00),
                                                                                       (180, 94, 11, 1, 500.00),
                                                                                       (181, 95, 3, 1, 1000.00),
                                                                                       (182, 96, 2, 1, 2000.00),
                                                                                       (183, 97, 12, 1, 1000.00),
                                                                                       (184, 97, 7, 1, 1500.00),
                                                                                       (185, 98, 7, 1, 1500.00),
                                                                                       (186, 98, 11, 1, 500.00),
                                                                                       (187, 99, 7, 1, 1500.00),
                                                                                       (188, 99, 9, 1, 500.00),
                                                                                       (189, 100, 12, 1, 1000.00),
                                                                                       (190, 101, 8, 1, 2000.00),
                                                                                       (191, 102, 7, 1, 1500.00),
                                                                                       (192, 102, 8, 1, 2000.00),
                                                                                       (193, 102, 11, 1, 500.00),
                                                                                       (194, 103, 7, 2, 1500.00),
                                                                                       (195, 104, 12, 2, 1000.00),
                                                                                       (196, 105, 7, 1, 1500.00),
                                                                                       (197, 105, 11, 1, 500.00),
                                                                                       (198, 106, 2, 1, 2000.00),
                                                                                       (199, 106, 11, 1, 500.00),
                                                                                       (200, 107, 4, 1, 1000.00),
                                                                                       (201, 107, 11, 1, 500.00),
                                                                                       (202, 108, 7, 1, 1500.00),
                                                                                       (203, 108, 11, 1, 500.00),
                                                                                       (204, 109, 7, 1, 1500.00),
                                                                                       (205, 109, 11, 3, 500.00),
                                                                                       (206, 110, 2, 1, 2000.00),
                                                                                       (207, 110, 7, 1, 1500.00),
                                                                                       (208, 110, 8, 1, 2000.00),
                                                                                       (209, 110, 11, 2, 500.00),
                                                                                       (210, 111, 8, 1, 2000.00),
                                                                                       (211, 112, 8, 1, 2000.00),
                                                                                       (212, 112, 11, 1, 500.00),
                                                                                       (213, 113, 7, 1, 1500.00),
                                                                                       (214, 113, 3, 1, 1000.00),
                                                                                       (215, 113, 11, 1, 500.00),
                                                                                       (216, 114, 8, 1, 2000.00),
                                                                                       (217, 115, 8, 1, 2000.00),
                                                                                       (218, 115, 2, 1, 2000.00),
                                                                                       (219, 115, 9, 2, 500.00),
                                                                                       (220, 116, 8, 1, 2000.00),
                                                                                       (221, 116, 2, 1, 2000.00),
                                                                                       (222, 116, 12, 1, 1000.00),
                                                                                       (223, 116, 9, 1, 500.00),
                                                                                       (224, 116, 11, 1, 500.00),
                                                                                       (225, 117, 12, 1, 1000.00),
                                                                                       (226, 118, 8, 2, 2000.00),
                                                                                       (227, 118, 11, 1, 500.00),
                                                                                       (228, 119, 2, 1, 2000.00),
                                                                                       (229, 120, 7, 1, 1500.00),
                                                                                       (230, 120, 4, 1, 1000.00),
                                                                                       (231, 120, 3, 1, 1000.00),
                                                                                       (232, 121, 3, 1, 1000.00),
                                                                                       (233, 121, 2, 1, 2000.00),
                                                                                       (234, 122, 3, 1, 1000.00),
                                                                                       (235, 123, 6, 1, 500.00),
                                                                                       (236, 123, 2, 1, 2000.00),
                                                                                       (237, 123, 11, 2, 500.00),
                                                                                       (238, 124, 2, 1, 2000.00),
                                                                                       (239, 124, 11, 2, 500.00),
                                                                                       (240, 125, 4, 1, 1000.00),
                                                                                       (241, 125, 9, 1, 500.00),
                                                                                       (242, 126, 2, 1, 2000.00),
                                                                                       (243, 126, 9, 1, 500.00),
                                                                                       (244, 127, 8, 1, 2000.00),
                                                                                       (245, 128, 6, 1, 500.00),
                                                                                       (246, 128, 11, 1, 500.00),
                                                                                       (247, 129, 11, 1, 500.00),
                                                                                       (248, 130, 2, 1, 2000.00),
                                                                                       (249, 130, 11, 1, 500.00),
                                                                                       (250, 131, 7, 1, 1500.00),
                                                                                       (251, 131, 11, 1, 500.00),
                                                                                       (252, 132, 7, 1, 1500.00),
                                                                                       (253, 132, 2, 1, 2000.00),
                                                                                       (254, 133, 2, 1, 2000.00),
                                                                                       (255, 133, 11, 1, 500.00),
                                                                                       (256, 134, 2, 1, 2000.00),
                                                                                       (257, 134, 9, 1, 500.00),
                                                                                       (258, 134, 5, 1, 1000.00),
                                                                                       (259, 135, 2, 2, 2000.00),
                                                                                       (260, 135, 11, 2, 500.00),
                                                                                       (261, 136, 2, 1, 2000.00),
                                                                                       (262, 136, 11, 1, 500.00),
                                                                                       (263, 137, 7, 1, 1500.00),
                                                                                       (264, 137, 11, 1, 500.00),
                                                                                       (265, 138, 8, 1, 2000.00),
                                                                                       (266, 138, 7, 1, 1500.00),
                                                                                       (267, 138, 12, 1, 1000.00),
                                                                                       (268, 138, 11, 3, 500.00),
                                                                                       (269, 139, 2, 1, 2000.00),
                                                                                       (270, 140, 12, 1, 1000.00),
                                                                                       (271, 141, 2, 1, 2000.00),
                                                                                       (272, 141, 11, 1, 500.00),
                                                                                       (273, 141, 12, 2, 1000.00),
                                                                                       (274, 141, 9, 1, 500.00),
                                                                                       (275, 142, 12, 1, 1000.00),
                                                                                       (276, 143, 12, 1, 1000.00),
                                                                                       (277, 144, 7, 2, 1500.00),
                                                                                       (278, 145, 7, 1, 1500.00),
                                                                                       (279, 145, 2, 1, 2000.00),
                                                                                       (280, 145, 11, 1, 500.00),
                                                                                       (281, 145, 4, 1, 1000.00),
                                                                                       (282, 146, 2, 1, 2000.00),
                                                                                       (283, 146, 11, 1, 500.00),
                                                                                       (284, 147, 7, 1, 1500.00),
                                                                                       (285, 148, 12, 1, 1000.00),
                                                                                       (286, 149, 9, 1, 500.00),
                                                                                       (287, 150, 2, 1, 2000.00),
                                                                                       (288, 151, 7, 1, 1500.00),
                                                                                       (289, 151, 11, 1, 500.00),
                                                                                       (290, 151, 3, 1, 1000.00),
                                                                                       (291, 152, 2, 1, 2000.00),
                                                                                       (292, 152, 11, 1, 500.00),
                                                                                       (293, 153, 2, 1, 2000.00),
                                                                                       (294, 154, 9, 1, 500.00),
                                                                                       (295, 155, 9, 1, 500.00),
                                                                                       (296, 156, 12, 1, 1000.00),
                                                                                       (297, 157, 9, 2, 500.00),
                                                                                       (298, 157, 12, 1, 1000.00),
                                                                                       (299, 158, 4, 1, 1000.00),
                                                                                       (300, 158, 10, 1, 500.00),
                                                                                       (301, 159, 2, 1, 2000.00),
                                                                                       (302, 159, 4, 1, 1000.00),
                                                                                       (303, 159, 10, 1, 500.00),
                                                                                       (304, 159, 9, 1, 500.00),
                                                                                       (305, 160, 12, 1, 1000.00),
                                                                                       (306, 160, 11, 1, 500.00),
                                                                                       (307, 161, 8, 1, 2000.00),
                                                                                       (308, 161, 7, 1, 1500.00),
                                                                                       (309, 162, 2, 1, 2000.00),
                                                                                       (310, 163, 8, 1, 2000.00),
                                                                                       (311, 164, 4, 1, 1000.00),
                                                                                       (312, 164, 11, 1, 500.00),
                                                                                       (313, 165, 8, 1, 2000.00),
                                                                                       (314, 166, 7, 1, 1500.00),
                                                                                       (315, 167, 2, 1, 2000.00),
                                                                                       (316, 167, 12, 1, 1000.00),
                                                                                       (317, 167, 11, 1, 500.00),
                                                                                       (318, 168, 2, 1, 2000.00),
                                                                                       (319, 168, 11, 1, 500.00),
                                                                                       (320, 168, 6, 1, 500.00),
                                                                                       (321, 169, 12, 1, 1000.00),
                                                                                       (322, 169, 10, 1, 500.00),
                                                                                       (323, 169, 3, 1, 1000.00),
                                                                                       (324, 169, 11, 1, 500.00),
                                                                                       (325, 170, 11, 1, 500.00),
                                                                                       (326, 171, 6, 3, 500.00),
                                                                                       (327, 171, 11, 2, 500.00),
                                                                                       (328, 171, 10, 2, 500.00),
                                                                                       (329, 172, 10, 1, 500.00),
                                                                                       (330, 173, 3, 1, 1000.00),
                                                                                       (331, 174, 6, 1, 500.00),
                                                                                       (332, 174, 11, 1, 500.00),
                                                                                       (333, 175, 2, 1, 2000.00),
                                                                                       (334, 176, 8, 1, 2000.00),
                                                                                       (335, 176, 11, 1, 500.00),
                                                                                       (336, 176, 10, 1, 500.00),
                                                                                       (337, 176, 12, 1, 1000.00),
                                                                                       (338, 177, 11, 1, 500.00),
                                                                                       (339, 178, 6, 1, 500.00),
                                                                                       (340, 179, 2, 1, 2000.00),
                                                                                       (341, 179, 12, 1, 1000.00),
                                                                                       (342, 179, 10, 1, 500.00),
                                                                                       (343, 180, 12, 2, 1000.00),
                                                                                       (344, 181, 10, 1, 500.00),
                                                                                       (345, 181, 6, 1, 500.00),
                                                                                       (346, 182, 11, 1, 500.00),
                                                                                       (347, 183, 4, 2, 1000.00),
                                                                                       (348, 183, 11, 2, 500.00),
                                                                                       (349, 184, 2, 1, 2000.00),
                                                                                       (350, 184, 11, 1, 500.00),
                                                                                       (351, 185, 11, 1, 500.00),
                                                                                       (352, 186, 13, 1, 1000.00),
                                                                                       (353, 187, 6, 2, 500.00),
                                                                                       (354, 188, 11, 2, 500.00),
                                                                                       (355, 188, 2, 1, 2000.00),
                                                                                       (356, 189, 11, 1, 500.00),
                                                                                       (357, 190, 11, 1, 500.00),
                                                                                       (358, 191, 4, 1, 1000.00),
                                                                                       (359, 191, 12, 2, 1000.00),
                                                                                       (360, 192, 2, 1, 2000.00),
                                                                                       (361, 192, 12, 1, 1000.00),
                                                                                       (362, 193, 2, 1, 2000.00),
                                                                                       (363, 194, 6, 2, 250.00),
                                                                                       (364, 194, 11, 1, 500.00),
                                                                                       (365, 195, 11, 1, 500.00),
                                                                                       (366, 195, 5, 1, 500.00),
                                                                                       (367, 196, 4, 1, 500.00),
                                                                                       (368, 196, 5, 1, 500.00),
                                                                                       (369, 197, 2, 1, 2000.00),
                                                                                       (370, 197, 12, 1, 1000.00),
                                                                                       (371, 198, 4, 1, 500.00),
                                                                                       (372, 198, 5, 1, 500.00),
                                                                                       (373, 199, 11, 1, 500.00),
                                                                                       (374, 200, 11, 2, 500.00),
                                                                                       (375, 201, 4, 1, 500.00),
                                                                                       (376, 201, 11, 1, 500.00),
                                                                                       (377, 202, 4, 1, 500.00);
